date,medicine_id,actual,predicted
2025-10-25 00:00:00+00:00,1,25.0,24.384631431812437
2025-10-26 00:00:00+00:00,1,24.0,21.998838159942007
2025-10-27 00:00:00+00:00,1,33.0,31.353983273019555
2025-10-28 00:00:00+00:00,1,32.0,32.75049511871413
2025-10-29 00:00:00+00:00,1,37.0,34.720282058195714
2025-10-30 00:00:00+00:00,1,35.0,31.886476956791064
2025-10-31 00:00:00+00:00,1,34.0,33.95036894005232
2025-11-01 00:00:00+00:00,1,23.0,22.85690874811237
2025-11-02 00:00:00+00:00,1,22.0,23.33967662204452
2025-11-03 00:00:00+00:00,1,36.0,32.994735120446435
2025-11-04 00:00:00+00:00,1,35.0,35.93172864025651
2025-11-05 00:00:00+00:00,1,34.0,33.357514221354435
2025-11-06 00:00:00+00:00,1,33.0,33.32701206828652
2025-11-07 00:00:00+00:00,1,38.0,35.26349006722772
2025-11-08 00:00:00+00:00,1,26.0,23.695814456977665
2025-11-09 00:00:00+00:00,1,25.0,23.596233567086085
2025-11-10 00:00:00+00:00,1,34.0,35.77239228895498
2025-11-11 00:00:00+00:00,1,40.0,37.10413497240209
2025-11-12 00:00:00+00:00,1,38.0,37.1335184089335
2025-11-13 00:00:00+00:00,1,37.0,34.5755227069914
2025-11-14 00:00:00+00:00,1,36.0,36.43291584021646
2025-11-15 00:00:00+00:00,1,29.0,26.225927627878626
2025-11-16 00:00:00+00:00,1,28.0,26.365892569708155
2025-11-17 00:00:00+00:00,1,39.0,36.64507262133288
2025-11-18 00:00:00+00:00,1,38.0,36.675867682680185
2025-11-19 00:00:00+00:00,1,36.0,41.49049479038623
2025-11-20 00:00:00+00:00,1,42.0,38.961292827014155
2025-11-21 00:00:00+00:00,1,41.0,37.8855930041815
2025-11-22 00:00:00+00:00,1,28.0,26.39493261671798
2025-11-23 00:00:00+00:00,1,27.0,26.895651277134153
2025-11-24 00:00:00+00:00,1,44.0,39.25408792249784
2025-11-25 00:00:00+00:00,1,43.0,40.74920361536689
2025-11-26 00:00:00+00:00,1,41.0,39.74369901821711
2025-11-27 00:00:00+00:00,1,40.0,39.546963180678674
2025-11-28 00:00:00+00:00,1,46.0,42.1597051365297
2025-11-29 00:00:00+00:00,1,31.0,29.732486020983423
2025-11-30 00:00:00+00:00,1,30.0,29.17264422905761
2025-12-01 00:00:00+00:00,1,42.0,43.76901143650908
2025-12-02 00:00:00+00:00,1,48.0,43.3046920562079
2025-12-03 00:00:00+00:00,1,47.0,43.73567887107491
2025-12-04 00:00:00+00:00,1,45.0,44.03318368008144
2025-12-05 00:00:00+00:00,1,43.0,43.283470579650064
2025-12-06 00:00:00+00:00,1,29.0,31.39806004763712
2025-12-07 00:00:00+00:00,1,34.0,31.4805774245309
2025-12-08 00:00:00+00:00,1,47.0,44.1881024599592
2025-12-09 00:00:00+00:00,1,45.0,41.963699655929226
2025-12-10 00:00:00+00:00,1,43.0,42.72671169471874
2025-12-11 00:00:00+00:00,1,50.0,44.68057063799297
2025-12-12 00:00:00+00:00,1,48.0,44.15228823812243
2025-12-13 00:00:00+00:00,1,32.0,30.237619073440882
2025-12-14 00:00:00+00:00,1,31.0,30.26460422386475
2025-12-15 00:00:00+00:00,1,51.0,45.16032199728902
2025-12-16 00:00:00+00:00,1,49.0,42.27755122382644
2025-12-17 00:00:00+00:00,1,47.0,42.898973299803984
2025-12-18 00:00:00+00:00,1,45.0,43.21997421872546
2025-12-19 00:00:00+00:00,1,51.0,43.44575535631201
2025-12-20 00:00:00+00:00,1,34.0,31.18513323011249
2025-12-21 00:00:00+00:00,1,33.0,31.17470290346704
2025-12-22 00:00:00+00:00,1,46.0,44.0906920204637
2025-12-23 00:00:00+00:00,1,44.0,42.92528896331454
2025-12-24 00:00:00+00:00,1,50.0,42.898973299803984
2025-12-25 00:00:00+00:00,1,48.0,41.95094686750071
2025-12-26 00:00:00+00:00,1,46.0,42.66235211577106
2025-12-27 00:00:00+00:00,1,30.0,30.039545277098004
2025-12-28 00:00:00+00:00,1,35.0,30.820255375619077
2025-12-29 00:00:00+00:00,1,48.0,43.12388944074758
2025-12-30 00:00:00+00:00,1,46.0,42.69793250677919
2025-10-25 00:00:00+00:00,2,17.0,14.27027134943792
2025-10-26 00:00:00+00:00,2,16.0,14.15120273257257
2025-10-27 00:00:00+00:00,2,23.0,19.55592363835452
2025-10-28 00:00:00+00:00,2,22.0,22.824195848375663
2025-10-29 00:00:00+00:00,2,25.0,22.250501514041915
2025-10-30 00:00:00+00:00,2,25.0,21.809836386294084
2025-10-31 00:00:00+00:00,2,24.0,22.705486440488688
2025-11-01 00:00:00+00:00,2,16.0,15.690145153072658
2025-11-02 00:00:00+00:00,2,11.0,16.931034813780883
2025-11-03 00:00:00+00:00,2,26.0,22.74498631150072
2025-11-04 00:00:00+00:00,2,25.0,24.609031751977245
2025-11-05 00:00:00+00:00,2,24.0,22.99536520994888
2025-11-06 00:00:00+00:00,2,23.0,22.02722136113976
2025-11-07 00:00:00+00:00,2,27.0,23.916073134796033
2025-11-08 00:00:00+00:00,2,18.0,17.090252440251614
2025-11-09 00:00:00+00:00,2,18.0,17.049766486181497
2025-11-10 00:00:00+00:00,2,25.0,22.715657405271916
2025-11-11 00:00:00+00:00,2,28.0,25.520618085544122
2025-11-12 00:00:00+00:00,2,28.0,24.0048580090947
2025-11-13 00:00:00+00:00,2,27.0,24.80380780305723
2025-11-14 00:00:00+00:00,2,26.0,27.77721279189865
2025-11-15 00:00:00+00:00,2,21.0,18.86853931732057
2025-11-16 00:00:00+00:00,2,20.0,19.33399936717015
2025-11-17 00:00:00+00:00,2,28.0,27.45719651738697
2025-11-18 00:00:00+00:00,2,27.0,26.630839244838576
2025-11-19 00:00:00+00:00,2,21.0,27.38116912181452
2025-11-20 00:00:00+00:00,2,30.0,28.472112695952756
2025-11-21 00:00:00+00:00,2,29.0,27.423831454997593
2025-11-22 00:00:00+00:00,2,19.0,17.86314267203427
2025-11-23 00:00:00+00:00,2,19.0,19.291839897151647
2025-11-24 00:00:00+00:00,2,31.0,29.400239627421836
2025-11-25 00:00:00+00:00,2,30.0,28.478608252192842
2025-11-26 00:00:00+00:00,2,29.0,27.909841958843696
2025-11-27 00:00:00+00:00,2,28.0,27.255335914244924
2025-11-28 00:00:00+00:00,2,32.0,28.77408657219301
2025-11-29 00:00:00+00:00,2,21.0,19.946568640422022
2025-11-30 00:00:00+00:00,2,20.0,19.914335130332656
2025-12-01 00:00:00+00:00,2,28.0,30.012848694632506
2025-12-02 00:00:00+00:00,2,32.0,29.100007149451987
2025-12-03 00:00:00+00:00,2,31.0,28.342314154741665
2025-12-04 00:00:00+00:00,2,30.0,30.751376419193683
2025-12-05 00:00:00+00:00,2,29.0,30.113256359024987
2025-12-06 00:00:00+00:00,2,14.0,20.41593896599111
2025-12-07 00:00:00+00:00,2,22.0,21.810656794930786
2025-12-08 00:00:00+00:00,2,30.0,28.8932165674498
2025-12-09 00:00:00+00:00,2,29.0,26.848087313915293
2025-12-10 00:00:00+00:00,2,28.0,28.790669495054836
2025-12-11 00:00:00+00:00,2,32.0,28.37564210347915
2025-12-12 00:00:00+00:00,2,30.0,28.661950879119434
2025-12-13 00:00:00+00:00,2,20.0,19.572108795156776
2025-12-14 00:00:00+00:00,2,19.0,19.452436659132744
2025-12-15 00:00:00+00:00,2,32.0,31.359096899606605
2025-12-16 00:00:00+00:00,2,30.0,27.759961434572954
2025-12-17 00:00:00+00:00,2,29.0,29.559623980513226
2025-12-18 00:00:00+00:00,2,28.0,29.435108844683906
2025-12-19 00:00:00+00:00,2,31.0,30.90304231264858
2025-12-20 00:00:00+00:00,2,21.0,19.888770651077575
2025-12-21 00:00:00+00:00,2,20.0,20.553147268605265
2025-12-22 00:00:00+00:00,2,27.0,29.930346833336667
2025-12-23 00:00:00+00:00,2,21.0,30.073147847518655
2025-12-24 00:00:00+00:00,2,29.0,28.45846170827796
2025-12-25 00:00:00+00:00,2,28.0,26.8567685181633
2025-12-26 00:00:00+00:00,2,27.0,27.586562391667535
2025-12-27 00:00:00+00:00,2,18.0,19.472332743442493
2025-12-28 00:00:00+00:00,2,20.0,19.961692580734145
2025-12-29 00:00:00+00:00,2,28.0,24.769135427020654
2025-12-30 00:00:00+00:00,2,26.0,25.361856659757812
2025-10-25 00:00:00+00:00,3,12.0,11.621951355689704
2025-10-26 00:00:00+00:00,3,12.0,10.741111136381134
2025-10-27 00:00:00+00:00,3,16.0,15.239274492165503
2025-10-28 00:00:00+00:00,3,16.0,16.563207581698062
2025-10-29 00:00:00+00:00,3,18.0,17.292247217082082
2025-10-30 00:00:00+00:00,3,18.0,16.841280500983615
2025-10-31 00:00:00+00:00,3,17.0,17.465121087398355
2025-11-01 00:00:00+00:00,3,11.0,11.633706491527654
2025-11-02 00:00:00+00:00,3,11.0,12.248454530086756
2025-11-03 00:00:00+00:00,3,18.0,16.814112819337183
2025-11-04 00:00:00+00:00,3,18.0,17.88850773704457
2025-11-05 00:00:00+00:00,3,17.0,17.722809806221893
2025-11-06 00:00:00+00:00,3,17.0,16.112906691037747
2025-11-07 00:00:00+00:00,3,19.0,16.920205934559856
2025-11-08 00:00:00+00:00,3,13.0,12.327820509374197
2025-11-09 00:00:00+00:00,3,12.0,11.764802817828103
2025-11-10 00:00:00+00:00,3,17.0,16.650211559728323
2025-11-11 00:00:00+00:00,3,20.0,19.282491036224542
2025-11-12 00:00:00+00:00,3,19.0,18.600183307786537
2025-11-13 00:00:00+00:00,3,18.0,17.2728428692683
2025-11-14 00:00:00+00:00,3,18.0,19.01098529545887
2025-11-15 00:00:00+00:00,3,18.0,13.85717094879674
2025-11-16 00:00:00+00:00,3,13.0,13.686719863399823
2025-11-17 00:00:00+00:00,3,19.0,17.93244497813443
2025-11-18 00:00:00+00:00,3,18.0,18.470808314226414
2025-11-19 00:00:00+00:00,3,17.0,19.56783365252139
2025-11-20 00:00:00+00:00,3,20.0,20.143418909059577
2025-11-21 00:00:00+00:00,3,19.0,19.789471549550193
2025-11-22 00:00:00+00:00,3,13.0,13.452904773054803
2025-11-23 00:00:00+00:00,3,12.0,13.257048955852978
2025-11-24 00:00:00+00:00,3,20.0,19.325617194859085
2025-11-25 00:00:00+00:00,3,19.0,20.379683172171422
2025-11-26 00:00:00+00:00,3,18.0,20.00850802018566
2025-11-27 00:00:00+00:00,3,18.0,19.06689472564095
2025-11-28 00:00:00+00:00,3,20.0,21.047694362310768
2025-11-29 00:00:00+00:00,3,13.0,14.010036126646291
2025-11-30 00:00:00+00:00,3,13.0,13.60521026384731
2025-12-01 00:00:00+00:00,3,17.0,18.30074262127613
2025-12-02 00:00:00+00:00,3,20.0,19.19568711415929
2025-12-03 00:00:00+00:00,3,19.0,19.742645657061544
2025-12-04 00:00:00+00:00,3,18.0,18.918114923853377
2025-12-05 00:00:00+00:00,3,17.0,19.54010319181418
2025-12-06 00:00:00+00:00,3,11.0,14.096695260258441
2025-12-07 00:00:00+00:00,3,13.0,13.945735154379532
2025-12-08 00:00:00+00:00,3,18.0,17.84397526438156
2025-12-09 00:00:00+00:00,3,17.0,17.898895664671542
2025-12-10 00:00:00+00:00,3,16.0,19.89288386242504
2025-12-11 00:00:00+00:00,3,18.0,16.74884798164354
2025-12-12 00:00:00+00:00,3,18.0,16.569706986345924
2025-12-13 00:00:00+00:00,3,12.0,12.065136963260963
2025-12-14 00:00:00+00:00,3,15.0,12.011945726192698
2025-12-15 00:00:00+00:00,3,18.0,17.00545143280685
2025-12-16 00:00:00+00:00,3,17.0,18.254701655067098
2025-12-17 00:00:00+00:00,3,16.0,18.19965585088564
2025-12-18 00:00:00+00:00,3,16.0,16.467167236111397
2025-12-19 00:00:00+00:00,3,18.0,17.424112705752314
2025-12-20 00:00:00+00:00,3,12.0,12.701665379984771
2025-12-21 00:00:00+00:00,3,11.0,12.147073046610323
2025-12-22 00:00:00+00:00,3,15.0,16.956973073465786
2025-12-23 00:00:00+00:00,3,15.0,16.832057975779904
2025-12-24 00:00:00+00:00,3,16.0,17.70386522906416
2025-12-25 00:00:00+00:00,3,16.0,16.244012819849825
2025-12-26 00:00:00+00:00,3,15.0,16.333681328858482
2025-12-27 00:00:00+00:00,3,10.0,11.288985402602638
2025-12-28 00:00:00+00:00,3,11.0,11.16628989667427
2025-12-29 00:00:00+00:00,3,15.0,12.739326141223668
2025-12-30 00:00:00+00:00,3,15.0,14.435061554025951
2025-10-25 00:00:00+00:00,4,18.0,17.185111630280907
2025-10-26 00:00:00+00:00,4,17.0,17.107086953948833
2025-10-27 00:00:00+00:00,4,24.0,23.65751953399491
2025-10-28 00:00:00+00:00,4,23.0,23.744255013209752
2025-10-29 00:00:00+00:00,4,26.0,22.86544309456325
2025-10-30 00:00:00+00:00,4,25.0,21.831893308469137
2025-10-31 00:00:00+00:00,4,25.0,24.340392902757376
2025-11-01 00:00:00+00:00,4,16.0,16.392702072600734
2025-11-02 00:00:00+00:00,4,11.0,17.98312111006508
2025-11-03 00:00:00+00:00,4,26.0,25.600657159503232
2025-11-04 00:00:00+00:00,4,25.0,23.139799625036805
2025-11-05 00:00:00+00:00,4,24.0,22.680891598857645
2025-11-06 00:00:00+00:00,4,23.0,22.40191143921753
2025-11-07 00:00:00+00:00,4,26.0,23.188563730214053
2025-11-08 00:00:00+00:00,4,18.0,15.974681964117288
2025-11-09 00:00:00+00:00,4,17.0,17.300950209781618
2025-11-10 00:00:00+00:00,4,23.0,22.77254557462265
2025-11-11 00:00:00+00:00,4,27.0,25.469658850623766
2025-11-12 00:00:00+00:00,4,25.0,24.35067622117859
2025-11-13 00:00:00+00:00,4,24.0,23.748890390321566
2025-11-14 00:00:00+00:00,4,23.0,25.595294496777566
2025-11-15 00:00:00+00:00,4,18.0,17.449487763794206
2025-11-16 00:00:00+00:00,4,18.0,18.35379922066892
2025-11-17 00:00:00+00:00,4,24.0,25.032835993844326
2025-11-18 00:00:00+00:00,4,23.0,25.029216712331138
2025-11-19 00:00:00+00:00,4,17.0,26.011956551775345
2025-11-20 00:00:00+00:00,4,25.0,24.967220562846435
2025-11-21 00:00:00+00:00,4,24.0,24.64253894896406
2025-11-22 00:00:00+00:00,4,16.0,16.537785334145298
2025-11-23 00:00:00+00:00,4,15.0,17.88397967935431
2025-11-24 00:00:00+00:00,4,25.0,23.302128092908223
2025-11-25 00:00:00+00:00,4,24.0,22.152113205525097
2025-11-26 00:00:00+00:00,4,23.0,21.285938573267963
2025-11-27 00:00:00+00:00,4,22.0,21.43327621569768
2025-11-28 00:00:00+00:00,4,24.0,23.632550428929395
2025-11-29 00:00:00+00:00,4,16.0,15.645942211648325
2025-11-30 00:00:00+00:00,4,15.0,16.950949406805957
2025-12-01 00:00:00+00:00,4,21.0,21.107238376969853
2025-12-02 00:00:00+00:00,4,24.0,22.894432894263836
2025-12-03 00:00:00+00:00,4,23.0,22.030290679183075
2025-12-04 00:00:00+00:00,4,22.0,20.620196112401267
2025-12-05 00:00:00+00:00,4,21.0,20.380642736870048
2025-12-06 00:00:00+00:00,4,9.0,14.084787544742136
2025-12-07 00:00:00+00:00,4,16.0,14.482735537755904
2025-12-08 00:00:00+00:00,4,21.0,20.0906918032053
2025-12-09 00:00:00+00:00,4,20.0,22.36594129877619
2025-12-10 00:00:00+00:00,4,19.0,22.161910119865684
2025-12-11 00:00:00+00:00,4,22.0,19.893097036202
2025-12-12 00:00:00+00:00,4,21.0,21.87183672049284
2025-12-13 00:00:00+00:00,4,14.0,14.77264733390938
2025-12-14 00:00:00+00:00,4,13.0,14.371240922035035
2025-12-15 00:00:00+00:00,4,21.0,20.27430097212246
2025-12-16 00:00:00+00:00,4,20.0,19.288363846028926
2025-12-17 00:00:00+00:00,4,19.0,20.041422481653644
2025-12-18 00:00:00+00:00,4,18.0,18.537980709062747
2025-12-19 00:00:00+00:00,4,21.0,19.76493143509073
2025-12-20 00:00:00+00:00,4,14.0,13.584994470797717
2025-12-21 00:00:00+00:00,4,13.0,14.52330188799124
2025-12-22 00:00:00+00:00,4,18.0,19.17809376049575
2025-12-23 00:00:00+00:00,4,12.0,16.588787897588222
2025-12-24 00:00:00+00:00,4,20.0,20.501897779764068
2025-12-25 00:00:00+00:00,4,19.0,18.64929158322913
2025-12-26 00:00:00+00:00,4,18.0,18.898411219322618
2025-12-27 00:00:00+00:00,4,12.0,13.120842580030082
2025-12-28 00:00:00+00:00,4,14.0,13.25634914800823
2025-12-29 00:00:00+00:00,4,19.0,15.031798256493927
2025-12-30 00:00:00+00:00,4,18.0,15.836271396649915
2025-10-25 00:00:00+00:00,5,13.0,11.924189459645486
2025-10-26 00:00:00+00:00,5,12.0,11.672669772928106
2025-10-27 00:00:00+00:00,5,17.0,15.716427302735719
2025-10-28 00:00:00+00:00,5,16.0,17.821086078426227
2025-10-29 00:00:00+00:00,5,18.0,16.77995286655059
2025-10-30 00:00:00+00:00,5,17.0,16.55999272284434
2025-10-31 00:00:00+00:00,5,17.0,17.836059423866573
2025-11-01 00:00:00+00:00,5,11.0,11.770927224277214
2025-11-02 00:00:00+00:00,5,11.0,12.032600880878636
2025-11-03 00:00:00+00:00,5,17.0,16.806909444242734
2025-11-04 00:00:00+00:00,5,17.0,17.961898069765493
2025-11-05 00:00:00+00:00,5,16.0,17.205812414241556
2025-11-06 00:00:00+00:00,5,15.0,16.338894405884027
2025-11-07 00:00:00+00:00,5,17.0,17.073446097873074
2025-11-08 00:00:00+00:00,5,11.0,12.13444366519196
2025-11-09 00:00:00+00:00,5,11.0,11.383589768342583
2025-11-10 00:00:00+00:00,5,15.0,15.049348114569828
2025-11-11 00:00:00+00:00,5,17.0,17.062836867542053
2025-11-12 00:00:00+00:00,5,16.0,16.040599535770717
2025-11-13 00:00:00+00:00,5,15.0,14.436999398129476
2025-11-14 00:00:00+00:00,5,15.0,15.279575746710252
2025-11-15 00:00:00+00:00,5,12.0,11.465215113084392
2025-11-16 00:00:00+00:00,5,11.0,10.954783243198499
2025-11-17 00:00:00+00:00,5,15.0,14.006897458156326
2025-11-18 00:00:00+00:00,5,14.0,15.154734287211715
2025-11-19 00:00:00+00:00,5,14.0,15.841499980500743
2025-11-20 00:00:00+00:00,5,16.0,14.92596442587112
2025-11-21 00:00:00+00:00,5,15.0,14.672244857037407
2025-11-22 00:00:00+00:00,5,10.0,10.75543783561728
2025-11-23 00:00:00+00:00,5,9.0,10.191631110686032
2025-11-24 00:00:00+00:00,5,15.0,12.39881787561597
2025-11-25 00:00:00+00:00,5,14.0,15.131609667866156
2025-11-26 00:00:00+00:00,5,14.0,14.92574909384629
2025-11-27 00:00:00+00:00,5,13.0,13.57455073495643
2025-11-28 00:00:00+00:00,5,15.0,15.106770271515298
2025-11-29 00:00:00+00:00,5,10.0,10.312918381418964
2025-11-30 00:00:00+00:00,5,9.0,9.70847670743028
2025-12-01 00:00:00+00:00,5,13.0,12.87425834247021
2025-12-02 00:00:00+00:00,5,15.0,14.308462940359913
2025-12-03 00:00:00+00:00,5,14.0,14.769056327574217
2025-12-04 00:00:00+00:00,5,13.0,13.551240821970454
2025-12-05 00:00:00+00:00,5,13.0,14.125065102169398
2025-12-06 00:00:00+00:00,5,8.0,10.14695517110102
2025-12-07 00:00:00+00:00,5,10.0,9.84251567250641
2025-12-08 00:00:00+00:00,5,13.0,13.219546239876735
2025-12-09 00:00:00+00:00,5,12.0,13.712730662954607
2025-12-10 00:00:00+00:00,5,12.0,14.421828415256535
2025-12-11 00:00:00+00:00,5,14.0,12.851526606214895
2025-12-12 00:00:00+00:00,5,13.0,14.144416929108797
2025-12-13 00:00:00+00:00,5,9.0,9.383082208118582
2025-12-14 00:00:00+00:00,5,8.0,9.150655304841747
2025-12-15 00:00:00+00:00,5,14.0,12.87033292026122
2025-12-16 00:00:00+00:00,5,13.0,14.060254449165448
2025-12-17 00:00:00+00:00,5,12.0,12.993384689916104
2025-12-18 00:00:00+00:00,5,12.0,11.718137937677596
2025-12-19 00:00:00+00:00,5,14.0,13.517142683638307
2025-12-20 00:00:00+00:00,5,9.0,9.126173096706557
2025-12-21 00:00:00+00:00,5,9.0,9.340591511943693
2025-12-22 00:00:00+00:00,5,12.0,12.172279284280943
2025-12-23 00:00:00+00:00,5,12.0,13.738660023179206
2025-12-24 00:00:00+00:00,5,13.0,13.49626917262861
2025-12-25 00:00:00+00:00,5,13.0,11.686815390547704
2025-12-26 00:00:00+00:00,5,13.0,13.261814467268932
2025-12-27 00:00:00+00:00,5,8.0,9.34592682961135
2025-12-28 00:00:00+00:00,5,10.0,9.329598422196057
2025-12-29 00:00:00+00:00,5,13.0,10.570069256290619
2025-12-30 00:00:00+00:00,5,13.0,12.43410288020845
2025-10-25 00:00:00+00:00,6,11.0,11.061619930188181
2025-10-26 00:00:00+00:00,6,10.0,10.3819518416259
2025-10-27 00:00:00+00:00,6,14.0,14.027578253396468
2025-10-28 00:00:00+00:00,6,14.0,15.016171537973012
2025-10-29 00:00:00+00:00,6,15.0,14.889336268267913
2025-10-30 00:00:00+00:00,6,15.0,13.8586902151668
2025-10-31 00:00:00+00:00,6,14.0,15.380395103389997
2025-11-01 00:00:00+00:00,6,9.0,10.447639464593863
2025-11-02 00:00:00+00:00,6,4.0,10.038829037351848
2025-11-03 00:00:00+00:00,6,14.0,14.304259665313314
2025-11-04 00:00:00+00:00,6,14.0,15.071070834192467
2025-11-05 00:00:00+00:00,6,13.0,14.744741542917113
2025-11-06 00:00:00+00:00,6,12.0,13.568747348289424
2025-11-07 00:00:00+00:00,6,14.0,14.453442244269038
2025-11-08 00:00:00+00:00,6,9.0,10.428580739984126
2025-11-09 00:00:00+00:00,6,9.0,9.726302721959575
2025-11-10 00:00:00+00:00,6,12.0,12.363122097794378
2025-11-11 00:00:00+00:00,6,14.0,14.225128870998285
2025-11-12 00:00:00+00:00,6,13.0,13.925717869262137
2025-11-13 00:00:00+00:00,6,12.0,12.60729000284485
2025-11-14 00:00:00+00:00,6,12.0,13.056536853542593
2025-11-15 00:00:00+00:00,6,13.0,9.411431030022783
2025-11-16 00:00:00+00:00,6,9.0,9.566045764337671
2025-11-17 00:00:00+00:00,6,12.0,12.723484365593736
2025-11-18 00:00:00+00:00,6,12.0,13.899826507102802
2025-11-19 00:00:00+00:00,6,6.0,14.059017992994091
2025-11-20 00:00:00+00:00,6,13.0,12.666772471606722
2025-11-21 00:00:00+00:00,6,12.0,13.463675202593377
2025-11-22 00:00:00+00:00,6,8.0,8.854665924975507
2025-11-23 00:00:00+00:00,6,8.0,9.077744861398536
2025-11-24 00:00:00+00:00,6,12.0,11.430501433455305
2025-11-25 00:00:00+00:00,6,12.0,12.469741113975587
2025-11-26 00:00:00+00:00,6,11.0,12.762553101815772
2025-11-27 00:00:00+00:00,6,11.0,11.105947535599666
2025-11-28 00:00:00+00:00,6,12.0,13.459485398675314
2025-11-29 00:00:00+00:00,6,8.0,8.642667779110885
2025-11-30 00:00:00+00:00,6,8.0,8.142621027233075
2025-12-01 00:00:00+00:00,6,11.0,10.55665731160716
2025-12-02 00:00:00+00:00,6,12.0,11.714692234852135
2025-12-03 00:00:00+00:00,6,12.0,12.11564813079205
2025-12-04 00:00:00+00:00,6,11.0,10.82102811923839
2025-12-05 00:00:00+00:00,6,11.0,12.051974286716003
2025-12-06 00:00:00+00:00,6,2.0,8.397936628318911
2025-12-07 00:00:00+00:00,6,8.0,8.6165211547981
2025-12-08 00:00:00+00:00,6,12.0,10.719029013804613
2025-12-09 00:00:00+00:00,6,11.0,10.860842982049801
2025-12-10 00:00:00+00:00,6,11.0,11.918915937656298
2025-12-11 00:00:00+00:00,6,12.0,10.578074304099756
2025-12-12 00:00:00+00:00,6,12.0,11.155266394074255
2025-12-13 00:00:00+00:00,6,8.0,7.3454622962269935
2025-12-14 00:00:00+00:00,6,12.0,7.413487304632779
2025-12-15 00:00:00+00:00,6,13.0,11.421555906343187
2025-12-16 00:00:00+00:00,6,12.0,12.349449306350767
2025-12-17 00:00:00+00:00,6,12.0,12.278225846025355
2025-12-18 00:00:00+00:00,6,12.0,11.492842208284715
2025-12-19 00:00:00+00:00,6,13.0,12.810014081744255
2025-12-20 00:00:00+00:00,6,9.0,9.895496941150537
2025-12-21 00:00:00+00:00,6,9.0,9.071245537075768
2025-12-22 00:00:00+00:00,6,12.0,12.630273068547414
2025-12-23 00:00:00+00:00,6,7.0,13.540899434837245
2025-12-24 00:00:00+00:00,6,13.0,13.457687095431899
2025-12-25 00:00:00+00:00,6,13.0,12.289351548677722
2025-12-26 00:00:00+00:00,6,13.0,13.365803824919054
2025-12-27 00:00:00+00:00,6,8.0,9.75621418282572
2025-12-28 00:00:00+00:00,6,10.0,9.343075227180007
2025-12-29 00:00:00+00:00,6,14.0,11.073741171458728
2025-12-30 00:00:00+00:00,6,13.0,12.179075024333427
2025-10-25 00:00:00+00:00,7,23.0,22.92706925702365
2025-10-26 00:00:00+00:00,7,22.0,21.44173046213289
2025-10-27 00:00:00+00:00,7,30.0,29.429720166531517
2025-10-28 00:00:00+00:00,7,29.0,29.30922880480003
2025-10-29 00:00:00+00:00,7,32.0,32.292013910380085
2025-10-30 00:00:00+00:00,7,31.0,30.332603867715903
2025-10-31 00:00:00+00:00,7,30.0,30.290305779838246
2025-11-01 00:00:00+00:00,7,20.0,21.13141260232995
2025-11-02 00:00:00+00:00,7,19.0,20.86807632612991
2025-11-03 00:00:00+00:00,7,30.0,29.670150001775905
2025-11-04 00:00:00+00:00,7,29.0,30.133661970379272
2025-11-05 00:00:00+00:00,7,28.0,29.398035325826896
2025-11-06 00:00:00+00:00,7,26.0,28.422818154884332
2025-11-07 00:00:00+00:00,7,30.0,27.506001917518386
2025-11-08 00:00:00+00:00,7,20.0,19.722982960615383
2025-11-09 00:00:00+00:00,7,19.0,19.145194989740837
2025-11-10 00:00:00+00:00,7,26.0,26.226086967661907
2025-11-11 00:00:00+00:00,7,30.0,27.78330514092271
2025-11-12 00:00:00+00:00,7,28.0,28.217246078921214
2025-11-13 00:00:00+00:00,7,27.0,25.92271362705164
2025-11-14 00:00:00+00:00,7,26.0,26.732198040885077
2025-11-15 00:00:00+00:00,7,20.0,18.90939474528306
2025-11-16 00:00:00+00:00,7,20.0,18.703716290132352
2025-11-17 00:00:00+00:00,7,27.0,26.11294705613345
2025-11-18 00:00:00+00:00,7,26.0,26.736844314582072
2025-11-19 00:00:00+00:00,7,25.0,27.820539287057805
2025-11-20 00:00:00+00:00,7,29.0,27.381914360381494
2025-11-21 00:00:00+00:00,7,27.0,27.074059101166892
2025-11-22 00:00:00+00:00,7,18.0,18.04012214938391
2025-11-23 00:00:00+00:00,7,18.0,18.76649626319289
2025-11-24 00:00:00+00:00,7,29.0,27.60475227189277
2025-11-25 00:00:00+00:00,7,28.0,27.3943022992791
2025-11-26 00:00:00+00:00,7,27.0,26.348063235038765
2025-11-27 00:00:00+00:00,7,26.0,26.0044284854332
2025-11-28 00:00:00+00:00,7,30.0,28.204462360906035
2025-11-29 00:00:00+00:00,7,20.0,18.306351145675333
2025-11-30 00:00:00+00:00,7,19.0,17.89427759489269
2025-12-01 00:00:00+00:00,7,27.0,26.640004758215856
2025-12-02 00:00:00+00:00,7,31.0,27.773643367733637
2025-12-03 00:00:00+00:00,7,30.0,29.746475053267186
2025-12-04 00:00:00+00:00,7,29.0,29.055152076030318
2025-12-05 00:00:00+00:00,7,28.0,27.319228354185267
2025-12-06 00:00:00+00:00,7,19.0,20.850117099917753
2025-12-07 00:00:00+00:00,7,22.0,21.692777472616843
2025-12-08 00:00:00+00:00,7,30.0,27.89055165127037
2025-12-09 00:00:00+00:00,7,29.0,28.60623987066947
2025-12-10 00:00:00+00:00,7,28.0,31.311853464032644
2025-12-11 00:00:00+00:00,7,33.0,29.130159758655438
2025-12-12 00:00:00+00:00,7,32.0,30.74693625534281
2025-12-13 00:00:00+00:00,7,21.0,19.714828837736228
2025-12-14 00:00:00+00:00,7,21.0,20.67182962205938
2025-12-15 00:00:00+00:00,7,34.0,32.41407593815811
2025-12-16 00:00:00+00:00,7,33.0,31.015822571342184
2025-12-17 00:00:00+00:00,7,32.0,30.806426405623633
2025-12-18 00:00:00+00:00,7,31.0,30.2555295275703
2025-12-19 00:00:00+00:00,7,36.0,34.50971602867749
2025-12-20 00:00:00+00:00,7,24.0,22.7599275600926
2025-12-21 00:00:00+00:00,7,24.0,23.235738740371204
2025-12-22 00:00:00+00:00,7,33.0,33.45609448482114
2025-12-23 00:00:00+00:00,7,32.0,35.61537222470053
2025-12-24 00:00:00+00:00,7,36.0,36.59952010400235
2025-12-25 00:00:00+00:00,7,35.0,34.108412682498574
2025-12-26 00:00:00+00:00,7,34.0,33.43659276503993
2025-12-27 00:00:00+00:00,7,23.0,24.409992210554297
2025-12-28 00:00:00+00:00,7,26.0,25.04513365497582
2025-12-29 00:00:00+00:00,7,37.0,31.81885104979457
2025-12-30 00:00:00+00:00,7,36.0,33.16150762616633
2025-10-25 00:00:00+00:00,8,7.0,7.84761467557786
2025-10-26 00:00:00+00:00,8,7.0,6.57217200042125
2025-10-27 00:00:00+00:00,8,9.0,9.403244181618815
2025-10-28 00:00:00+00:00,8,9.0,10.077611269931923
2025-10-29 00:00:00+00:00,8,10.0,10.51538561739145
2025-10-30 00:00:00+00:00,8,9.0,10.031111870492008
2025-10-31 00:00:00+00:00,8,9.0,10.294132799199815
2025-11-01 00:00:00+00:00,8,6.0,7.967038055115946
2025-11-02 00:00:00+00:00,8,1.0,7.526032192442645
2025-11-03 00:00:00+00:00,8,9.0,9.262091208921532
2025-11-04 00:00:00+00:00,8,9.0,9.08578531338713
2025-11-05 00:00:00+00:00,8,9.0,9.343874618027728
2025-11-06 00:00:00+00:00,8,8.0,8.432027132643505
2025-11-07 00:00:00+00:00,8,10.0,9.568679703660937
2025-11-08 00:00:00+00:00,8,6.0,6.266134140820036
2025-11-09 00:00:00+00:00,8,6.0,5.824657813046431
2025-11-10 00:00:00+00:00,8,9.0,8.355179916630625
2025-11-11 00:00:00+00:00,8,10.0,9.840672374383006
2025-11-12 00:00:00+00:00,8,9.0,10.11019033010455
2025-11-13 00:00:00+00:00,8,9.0,8.85939357382094
2025-11-14 00:00:00+00:00,8,9.0,9.705335178928229
2025-11-15 00:00:00+00:00,8,7.0,6.157653934001918
2025-11-16 00:00:00+00:00,8,7.0,6.221214631230506
2025-11-17 00:00:00+00:00,8,9.0,9.175107929385568
2025-11-18 00:00:00+00:00,8,9.0,10.223635499847768
2025-11-19 00:00:00+00:00,8,4.0,10.5691514673512
2025-11-20 00:00:00+00:00,8,10.0,9.499415270887567
2025-11-21 00:00:00+00:00,8,10.0,9.681279319229379
2025-11-22 00:00:00+00:00,8,7.0,6.0712768308094684
2025-11-23 00:00:00+00:00,8,6.0,5.893498669488336
2025-11-24 00:00:00+00:00,8,11.0,9.687282334732336
2025-11-25 00:00:00+00:00,8,10.0,9.082565008167371
2025-11-26 00:00:00+00:00,8,10.0,10.637331751300488
2025-11-27 00:00:00+00:00,8,10.0,8.568079401704773
2025-11-28 00:00:00+00:00,8,11.0,10.395572564965514
2025-11-29 00:00:00+00:00,8,7.0,6.604423086788802
2025-11-30 00:00:00+00:00,8,7.0,7.676718679824678
2025-12-01 00:00:00+00:00,8,10.0,10.022572120599918
2025-12-02 00:00:00+00:00,8,12.0,10.189105058037413
2025-12-03 00:00:00+00:00,8,11.0,10.602991813854189
2025-12-04 00:00:00+00:00,8,11.0,10.348390576434353
2025-12-05 00:00:00+00:00,8,11.0,11.462278939968929
2025-12-06 00:00:00+00:00,8,2.0,7.994734756598196
2025-12-07 00:00:00+00:00,8,8.0,7.690793803156167
2025-12-08 00:00:00+00:00,8,11.0,10.122660959101497
2025-12-09 00:00:00+00:00,8,11.0,10.515825118109644
2025-12-10 00:00:00+00:00,8,11.0,11.411041895688236
2025-12-11 00:00:00+00:00,8,12.0,10.359294426539867
2025-12-12 00:00:00+00:00,8,12.0,10.755702164833952
2025-12-13 00:00:00+00:00,8,8.0,7.936558507497959
2025-12-14 00:00:00+00:00,8,8.0,7.772242107883997
2025-12-15 00:00:00+00:00,8,13.0,10.427181114520529
2025-12-16 00:00:00+00:00,8,12.0,10.563488224441905
2025-12-17 00:00:00+00:00,8,12.0,11.67097061261069
2025-12-18 00:00:00+00:00,8,12.0,10.668046757188204
2025-12-19 00:00:00+00:00,8,13.0,11.317922259760973
2025-12-20 00:00:00+00:00,8,9.0,8.776077516285236
2025-12-21 00:00:00+00:00,8,9.0,8.659337744976666
2025-12-22 00:00:00+00:00,8,12.0,10.596634099587655
2025-12-23 00:00:00+00:00,8,6.0,12.939787137515886
2025-12-24 00:00:00+00:00,8,13.0,12.729535212768404
2025-12-25 00:00:00+00:00,8,13.0,10.645843423953465
2025-12-26 00:00:00+00:00,8,12.0,10.961503614376406
2025-12-27 00:00:00+00:00,8,8.0,8.464855533736385
2025-12-28 00:00:00+00:00,8,9.0,8.302782026742264
2025-12-29 00:00:00+00:00,8,13.0,8.833809534059512
2025-12-30 00:00:00+00:00,8,12.0,11.680996923211513
2025-10-25 00:00:00+00:00,9,12.0,12.199059799176021
2025-10-26 00:00:00+00:00,9,11.0,10.617714756375072
2025-10-27 00:00:00+00:00,9,16.0,13.772210458964372
2025-10-28 00:00:00+00:00,9,15.0,15.312835508601543
2025-10-29 00:00:00+00:00,9,17.0,16.155092315240218
2025-10-30 00:00:00+00:00,9,17.0,14.799192254433043
2025-10-31 00:00:00+00:00,9,16.0,15.704472910087016
2025-11-01 00:00:00+00:00,9,11.0,11.207407803323859
2025-11-02 00:00:00+00:00,9,10.0,11.75831002757822
2025-11-03 00:00:00+00:00,9,17.0,15.536487477444176
2025-11-04 00:00:00+00:00,9,17.0,16.293228761568088
2025-11-05 00:00:00+00:00,9,16.0,16.50031510697521
2025-11-06 00:00:00+00:00,9,16.0,15.982289700714848
2025-11-07 00:00:00+00:00,9,18.0,17.39554294642998
2025-11-08 00:00:00+00:00,9,12.0,11.798747467041183
2025-11-09 00:00:00+00:00,9,12.0,11.520516275528182
2025-11-10 00:00:00+00:00,9,16.0,15.74811558483777
2025-11-11 00:00:00+00:00,9,19.0,17.459936176394518
2025-11-12 00:00:00+00:00,9,18.0,17.403343458697147
2025-11-13 00:00:00+00:00,9,18.0,15.925551463117442
2025-11-14 00:00:00+00:00,9,17.0,16.858919509338048
2025-11-15 00:00:00+00:00,9,18.0,11.657885039655529
2025-11-16 00:00:00+00:00,9,13.0,12.149495979210576
2025-11-17 00:00:00+00:00,9,19.0,17.41745293720092
2025-11-18 00:00:00+00:00,9,18.0,19.312732276682794
2025-11-19 00:00:00+00:00,9,17.0,20.782467357509834
2025-11-20 00:00:00+00:00,9,20.0,19.199317263657907
2025-11-21 00:00:00+00:00,9,19.0,19.342409324534042
2025-11-22 00:00:00+00:00,9,13.0,12.854933312896092
2025-11-23 00:00:00+00:00,9,13.0,12.877884267251291
2025-11-24 00:00:00+00:00,9,21.0,18.60584714280627
2025-11-25 00:00:00+00:00,9,20.0,19.863333238744843
2025-11-26 00:00:00+00:00,9,20.0,19.768892613335325
2025-11-27 00:00:00+00:00,9,19.0,18.951799552377278
2025-11-28 00:00:00+00:00,9,22.0,20.407846188755965
2025-11-29 00:00:00+00:00,9,15.0,13.704847552373929
2025-11-30 00:00:00+00:00,9,14.0,14.36867844449287
2025-12-01 00:00:00+00:00,9,20.0,21.00338163091235
2025-12-02 00:00:00+00:00,9,23.0,20.740518102935052
2025-12-03 00:00:00+00:00,9,22.0,21.968994298823535
2025-12-04 00:00:00+00:00,9,21.0,21.249975398627726
2025-12-05 00:00:00+00:00,9,21.0,21.264857243878993
2025-12-06 00:00:00+00:00,9,14.0,15.248819080264635
2025-12-07 00:00:00+00:00,9,16.0,14.873121098696723
2025-12-08 00:00:00+00:00,9,22.0,21.60861751869339
2025-12-09 00:00:00+00:00,9,21.0,22.599265059465207
2025-12-10 00:00:00+00:00,9,20.0,22.33994145764191
2025-12-11 00:00:00+00:00,9,23.0,21.626389099481894
2025-12-12 00:00:00+00:00,9,22.0,23.166707279351954
2025-12-13 00:00:00+00:00,9,15.0,14.82504161829605
2025-12-14 00:00:00+00:00,9,18.0,15.088443157283693
2025-12-15 00:00:00+00:00,9,24.0,22.00657019985413
2025-12-16 00:00:00+00:00,9,23.0,22.616711780684696
2025-12-17 00:00:00+00:00,9,22.0,22.429284060774915
2025-12-18 00:00:00+00:00,9,21.0,21.335930168302443
2025-12-19 00:00:00+00:00,9,24.0,24.300297860561965
2025-12-20 00:00:00+00:00,9,16.0,15.574925643904116
2025-12-21 00:00:00+00:00,9,15.0,16.649220396237123
2025-12-22 00:00:00+00:00,9,21.0,23.371679199087314
2025-12-23 00:00:00+00:00,9,20.0,23.06349172793476
2025-12-24 00:00:00+00:00,9,23.0,22.23298148565732
2025-12-25 00:00:00+00:00,9,22.0,21.500479528187906
2025-12-26 00:00:00+00:00,9,21.0,21.40929333071335
2025-12-27 00:00:00+00:00,9,14.0,14.004148549001675
2025-12-28 00:00:00+00:00,9,16.0,14.863649826093866
2025-12-29 00:00:00+00:00,9,22.0,18.257099844435395
2025-12-30 00:00:00+00:00,9,21.0,20.2742396732105
2025-10-25 00:00:00+00:00,10,12.0,11.565674343646885
2025-10-26 00:00:00+00:00,10,11.0,9.743648952674407
2025-10-27 00:00:00+00:00,10,16.0,14.41761797894229
2025-10-28 00:00:00+00:00,10,15.0,16.304597776647242
2025-10-29 00:00:00+00:00,10,18.0,16.36522926630021
2025-10-30 00:00:00+00:00,10,17.0,15.971352178627532
2025-10-31 00:00:00+00:00,10,17.0,16.067520541405646
2025-11-01 00:00:00+00:00,10,11.0,11.742728692604455
2025-11-02 00:00:00+00:00,10,6.0,11.83183344195936
2025-11-03 00:00:00+00:00,10,18.0,16.184292425755764
2025-11-04 00:00:00+00:00,10,17.0,17.245472275836775
2025-11-05 00:00:00+00:00,10,17.0,16.095797026248693
2025-11-06 00:00:00+00:00,10,16.0,16.369766925176727
2025-11-07 00:00:00+00:00,10,19.0,17.836388969288485
2025-11-08 00:00:00+00:00,10,13.0,11.930514691563204
2025-11-09 00:00:00+00:00,10,12.0,11.35024463805701
2025-11-10 00:00:00+00:00,10,17.0,15.982237509638075
2025-11-11 00:00:00+00:00,10,20.0,17.31617470320243
2025-11-12 00:00:00+00:00,10,19.0,17.59186470431929
2025-11-13 00:00:00+00:00,10,19.0,17.072068729847125
2025-11-14 00:00:00+00:00,10,18.0,19.254751754249394
2025-11-15 00:00:00+00:00,10,14.0,13.49074612881155
2025-11-16 00:00:00+00:00,10,14.0,14.372868675172926
2025-11-17 00:00:00+00:00,10,19.0,18.437801786495125
2025-11-18 00:00:00+00:00,10,19.0,18.824074844988967
2025-11-19 00:00:00+00:00,10,13.0,20.486366790650433
2025-11-20 00:00:00+00:00,10,21.0,19.379338954216053
2025-11-21 00:00:00+00:00,10,20.0,19.22994233519056
2025-11-22 00:00:00+00:00,10,13.0,13.168608867288105
2025-11-23 00:00:00+00:00,10,13.0,13.79622947575875
2025-11-24 00:00:00+00:00,10,21.0,18.617758603229774
2025-11-25 00:00:00+00:00,10,21.0,19.168493357933933
2025-11-26 00:00:00+00:00,10,20.0,19.91233333821533
2025-11-27 00:00:00+00:00,10,19.0,19.12276863642793
2025-11-28 00:00:00+00:00,10,22.0,21.408725917540785
2025-11-29 00:00:00+00:00,10,15.0,13.678218997398329
2025-11-30 00:00:00+00:00,10,14.0,14.948159683287313
2025-12-01 00:00:00+00:00,10,19.0,21.11157930259292
2025-12-02 00:00:00+00:00,10,22.0,20.83704486444847
2025-12-03 00:00:00+00:00,10,21.0,21.69179791289019
2025-12-04 00:00:00+00:00,10,20.0,20.995777240559647
2025-12-05 00:00:00+00:00,10,20.0,20.752755229104363
2025-12-06 00:00:00+00:00,10,8.0,14.671357804858062
2025-12-07 00:00:00+00:00,10,15.0,14.986456997013589
2025-12-08 00:00:00+00:00,10,21.0,19.234396790170102
2025-12-09 00:00:00+00:00,10,20.0,18.29813142515868
2025-12-10 00:00:00+00:00,10,19.0,20.131788479326783
2025-12-11 00:00:00+00:00,10,21.0,18.443241510493674
2025-12-12 00:00:00+00:00,10,21.0,20.661733694557725
2025-12-13 00:00:00+00:00,10,14.0,13.670675180287118
2025-12-14 00:00:00+00:00,10,13.0,13.295506519956879
2025-12-15 00:00:00+00:00,10,21.0,21.10585893982298
2025-12-16 00:00:00+00:00,10,20.0,20.39659646103362
2025-12-17 00:00:00+00:00,10,20.0,20.205726327999844
2025-12-18 00:00:00+00:00,10,19.0,19.478300314901247
2025-12-19 00:00:00+00:00,10,21.0,21.6178618041485
2025-12-20 00:00:00+00:00,10,14.0,14.649409799972528
2025-12-21 00:00:00+00:00,10,13.0,14.424784645774203
2025-12-22 00:00:00+00:00,10,18.0,20.498788422662454
2025-12-23 00:00:00+00:00,10,12.0,19.211387666249607
2025-12-24 00:00:00+00:00,10,20.0,19.960636899443866
2025-12-25 00:00:00+00:00,10,19.0,18.85583673074352
2025-12-26 00:00:00+00:00,10,18.0,19.114304947088925
2025-12-27 00:00:00+00:00,10,12.0,12.894063758004968
2025-12-28 00:00:00+00:00,10,14.0,12.949055305425809
2025-12-29 00:00:00+00:00,10,19.0,15.17949959814775
2025-12-30 00:00:00+00:00,10,18.0,15.87826627787056
